{"web":{"client_id":"647154014653-h853tnoqussmlb23nq6npr1ftbd35l0n.apps.googleusercontent.com","project_id":"udacity-catalog-project-181202","auth_uri":"https://accounts.google.com/o/oauth2/auth","token_uri":"https://accounts.google.com/o/oauth2/token","auth_provider_x509_cert_url":"https://www.googleapis.com/oauth2/v1/certs","client_secret":"lwIG_sHs9by-oWqWrLCMULAt","redirect_uris":["http://localhost:8000/oauth/google","http://localhost:8000/oauth2callback"],"javascript_origins":["http://localhost:8000"]}}